code_dept,departement,prefecture,latitude,longitude
01,Ain,Bourg-en-Bresse,46.2027,5.2469
02,Aisne,Laon,49.5711,3.613
03,Allier,Moulins,46.5591,3.3255
04,Alpes-de-Haute-Provence,Digne-les-Bains,44.0954,6.2495
05,Hautes-Alpes,Gap,44.5797,6.0616
06,Alpes-Maritimes,Nice,43.7032,7.2528
07,Ardèche,Privas,44.7214,4.5949
08,Ardennes,Charleville-Mézières,49.7802,4.7304
09,Ariège,Foix,42.9701,1.609
10,Aube,Troyes,48.2924,4.0761
11,Aude,Carcassonne,43.2078,2.3491
12,Aveyron,Rodez,44.3591,2.5699
13,Bouches-du-Rhône,Marseille,43.2803,5.3806
14,Calvados,Caen,49.1846,-0.3722
15,Cantal,Aurillac,44.9281,2.4416
16,Charente,Angoulême,45.6458,0.145
17,Charente-Maritime,La Rochelle,46.162,-1.1765
18,Cher,Bourges,47.078,2.3983
19,Corrèze,Tulle,45.2685,1.7663
21,Côte-d'Or,Dijon,47.3319,5.0322
22,Côtes-d'Armor,Saint-Brieuc,48.5108,-2.7657
23,Creuse,Guéret,46.1585,1.8705
24,Dordogne,Périgueux,45.1939,0.7105
25,Doubs,Besançon,47.2602,6.0123
26,Drôme,Valence,44.9234,4.9164
27,Eure,Évreux,49.018,1.1406
28,Eure-et-Loir,Chartres,48.4481,1.5046
29,Finistère,Quimper,47.9982,-4.0972
2A,Corse-du-Sud,Ajaccio,41.9228,8.7058
2B,Haute-Corse,Bastia,42.6861,9.424
30,Gard,Nîmes,43.8322,4.3429
31,Haute-Garonne,Toulouse,43.6007,1.4328
32,Gers,Auch,43.6602,0.5673
33,Gironde,Bordeaux,44.8624,-0.5848
34,Hérault,Montpellier,43.61,3.8742
35,Ille-et-Vilaine,Rennes,48.1159,-1.6884
36,Indre,Châteauroux,46.8023,1.6903
37,Indre-et-Loire,Tours,47.3943,0.6949
38,Isère,Grenoble,45.1842,5.7155
39,Jura,Lons-le-Saunier,46.6758,5.5574
40,Landes,Mont-de-Marsan,43.8931,-0.5009
41,Loir-et-Cher,Blois,47.5813,1.3049
42,Loire,Saint-Étienne,45.4241,4.3665
43,Haute-Loire,Le Puy-en-Velay,45.0283,3.8973
44,Loire-Atlantique,Nantes,47.2382,-1.5603
45,Loiret,Orléans,47.8734,1.9122
46,Lot,Cahors,44.4565,1.439
47,Lot-et-Garonne,Agen,44.201,0.6302
48,Lozère,Mende,44.5349,3.4909
49,Maine-et-Loire,Angers,47.4819,-0.5629
50,Manche,Saint-Lô,49.1123,-1.0812
51,Marne,Châlons-en-Champagne,48.9656,4.3801
52,Haute-Marne,Chaumont,48.0965,5.1566
53,Mayenne,Laval,48.0578,-0.7692
54,Meurthe-et-Moselle,Nancy,48.6881,6.1734
55,Meuse,Bar-le-Duc,48.7628,5.1732
56,Morbihan,Vannes,47.6577,-2.7485
57,Moselle,Metz,49.1048,6.1962
58,Nièvre,Nevers,46.9852,3.1598
59,Nord,Lille,50.6311,3.0468
60,Oise,Beauvais,49.4425,2.0877
61,Orne,Alençon,48.431,0.0923
62,Pas-de-Calais,Arras,50.2893,2.7679
63,Puy-de-Dôme,Clermont-Ferrand,45.787,3.1127
64,Pyrénées-Atlantiques,Pau,43.3219,-0.3435
65,Hautes-Pyrénées,Tarbes,43.2387,0.0653
66,Pyrénées-Orientales,Perpignan,42.699,2.9045
67,Bas-Rhin,Strasbourg,48.5691,7.7621
68,Haut-Rhin,Colmar,48.1115,7.3924
69,Rhône,Lyon,45.758,4.8351
70,Haute-Saône,Vesoul,47.6323,6.1523
71,Saône-et-Loire,Mâcon,46.3265,4.8083
72,Sarthe,Le Mans,47.9819,0.1957
73,Savoie,Chambéry,45.5822,5.9064
74,Haute-Savoie,Annecy,45.9024,6.1264
75,Paris,Paris,48.8589,2.347
76,Seine-Maritime,Rouen,49.4412,1.0912
77,Seine-et-Marne,Melun,48.5421,2.6552
78,Yvelines,Versailles,48.8039,2.1191
79,Deux-Sèvres,Niort,46.3274,-0.4613
80,Somme,Amiens,49.8987,2.2847
81,Tarn,Albi,43.929,2.1323
82,Tarn-et-Garonne,Montauban,44.0217,1.3646
83,Var,Toulon,43.1364,5.9334
84,Vaucluse,Avignon,43.9416,4.8333
85,Vendée,La Roche-sur-Yon,46.6659,-1.4162
86,Vienne,Poitiers,46.5846,0.3715
87,Haute-Vienne,Limoges,45.8567,1.226
88,Vosges,Épinal,48.1637,6.4867
89,Yonne,Auxerre,47.7939,3.5821
90,Territoire de Belfort,Belfort,47.6458,6.841
91,Essonne,Évry-Courcouronnes,48.6287,2.4313
92,Hauts-de-Seine,Nanterre,48.8974,2.2018
93,Seine-Saint-Denis,Bobigny,48.9073,2.4432
94,Val-de-Marne,Créteil,48.7845,2.4523
95,Val-d'Oise,Pontoise,49.0488,2.0996
