model,config,test_mae,test_mae_std,test_rmse,test_r2,neighbours,gas,capacity,n_features,spike_precision,spike_recall,spike_f1,ampl_ratio,secs
naive_D-1,benchmark,21.68,1.872,31.225,0.4173,,,,,,,,,
naive_D-7,benchmark,30.251,4.968,40.663,0.0264,,,,,,,,,
LightGBM,reconstruction,11.372,2.832,17.228,0.7938,True,True,True,509.0,0.778,0.762,0.756,0.774,0.5
LightGBM,forecast_full,20.535,5.231,27.004,0.503,False,True,True,504.0,0.671,0.326,0.345,0.699,195.7
LightGBM,forecast_nocap,25.423,9.0,32.307,0.2241,False,True,False,500.0,0.555,0.468,0.447,0.722,0.8
LightGBM,forecast_base,24.99,9.4,31.886,0.2322,False,False,False,499.0,0.572,0.457,0.459,0.756,0.6
LightGBM,forecast_full_national,21.97,6.057,28.67,0.429,False,True,True,29.0,0.652,0.313,0.329,0.665,0.5
LightGBM,forecast_full_l1,21.086,5.295,27.829,0.4675,False,True,True,504.0,0.671,0.326,0.345,0.694,0.5
LightGBM,forecast_full_nuke_gen,20.306,4.772,26.682,0.5214,False,True,True,506.0,0.667,0.329,0.372,0.685,0.5
LightGBM,forecast_full_nuke,20.755,5.247,27.232,0.4917,False,True,True,507.0,0.681,0.336,0.381,0.685,0.5
LightGBM,forecast_full_nuke_delta,20.793,5.181,27.062,0.4925,False,True,True,509.0,0.658,0.343,0.405,0.677,0.4
LightGBM,forecast_full_negfeat,20.625,5.467,27.138,0.4926,False,True,True,510.0,0.558,0.342,0.359,0.694,344.0
Simple,reconstruction,18.148,5.541,252.833,-162.5931,True,True,True,509.0,0.773,0.762,0.755,1.178,2.0
Simple,forecast_full,27.752,9.192,344.395,-285.6773,False,True,True,504.0,0.663,0.343,0.357,1.189,1.6
Simple,forecast_nocap,22.964,6.558,29.341,0.392,False,True,False,500.0,0.549,0.475,0.449,0.805,1.9
Simple,forecast_base,23.914,8.039,30.036,0.3415,False,False,False,499.0,0.57,0.454,0.448,0.844,1.7
Simple,forecast_full_national,37.438,30.197,834.029,-2046.1053,False,True,True,29.0,0.678,0.321,0.354,1.142,1.7
LightGBM_hurdle,forecast_full_hurdle,20.771,5.726,27.336,0.4829,False,True,True,504.0,0.671,0.326,0.345,0.7,349.8
LightGBM_hurdle,forecast_full_hurdle_negfeat,20.413,5.441,27.067,0.4997,False,True,True,510.0,0.558,0.342,0.359,0.677,259.7
