model,config,fold,r2,mae,rmse,n_neg,mae_neg,bias_neg,mae_pos,test_start,test_end,n
naive_D-1,benchmark,1,0.3147716067677392,22.249284833538837,32.33898757197627,87.0,21.46758620689655,20.607126436781602,22.263515379786565,2023-07-22T20:00:00,2024-02-10T15:00:00,
naive_D-1,benchmark,2,0.37704209299118074,19.30499794492396,26.695240867181617,463.0,16.404168466522677,11.826933045356371,19.610036338859867,2024-02-10T16:00:00,2024-08-31T11:00:00,
naive_D-1,benchmark,3,0.5001544701461632,23.428296341964653,33.07218356240931,78.0,14.22294871794872,14.193461538461538,23.578258145363407,2024-08-31T12:00:00,2025-03-22T07:00:00,
naive_D-1,benchmark,4,0.49944643750228956,19.64630548705302,27.86844699429387,724.0,13.07498273480663,7.839223066298342,20.794938435538388,2025-03-22T08:00:00,2025-10-11T03:00:00,
naive_D-1,benchmark,5,0.3948595572267648,23.770072270173994,36.14840240323315,263.0,30.787775665399238,14.448307984790876,23.36910420740097,2025-10-11T04:00:00,2026-05-01T23:00:00,
naive_D-7,benchmark,1,0.008547787298675003,28.815698725852858,38.91678593931262,87.0,43.679195402298845,38.24977011494253,28.54511404059426,2023-07-22T20:00:00,2024-02-10T15:00:00,
naive_D-7,benchmark,2,0.06588888375171664,24.54630908343609,32.68424444116283,462.0,24.782337662337667,17.51887445887446,24.521548592188918,2024-02-10T16:00:00,2024-08-31T11:00:00,
naive_D-7,benchmark,3,-0.14406308472690155,37.67220509658858,50.03741770835775,78.0,24.3674358974359,24.15615384615385,37.888949456975766,2024-08-31T12:00:00,2025-03-22T07:00:00,
naive_D-7,benchmark,4,0.21108764503166788,26.006582922318128,34.986446556257135,724.0,18.761049723756905,11.693646408839777,27.273064340898117,2025-03-22T08:00:00,2025-10-11T03:00:00,
naive_D-7,benchmark,5,-0.009618748430009871,34.214161528976575,46.6904142301537,263.0,42.84934410646388,41.02417300380229,33.72077612426678,2025-10-11T04:00:00,2026-05-01T23:00:00,
LightGBM,reconstruction,1,0.9291882806655724,7.14663848974543,10.399423230495485,,,,,2023-07-22T20:00:00,2024-02-10T15:00:00,4867.0
LightGBM,reconstruction,2,0.5389675013616245,15.368739332346411,22.963236391839843,,,,,2024-02-10T16:00:00,2024-08-31T11:00:00,4867.0
LightGBM,reconstruction,3,0.9132786046939515,9.559798468321901,13.77784529931067,,,,,2024-08-31T12:00:00,2025-03-22T07:00:00,4867.0
LightGBM,reconstruction,4,0.7962926814346941,11.718493542603655,17.776503065944933,,,,,2025-03-22T08:00:00,2025-10-11T03:00:00,4867.0
LightGBM,reconstruction,5,0.7914178842289711,13.066603079201341,21.223782970889065,,,,,2025-10-11T04:00:00,2026-05-01T23:00:00,4867.0
LightGBM,forecast_full,1,0.10584506078831091,28.546595148126766,36.95413776576355,87.0,30.874573012932537,27.826540225630083,28.504224002888673,2023-07-22T20:00:00,2024-02-10T15:00:00,4867.0
LightGBM,forecast_full,2,0.19564566283490437,24.691986299082487,30.33130040819706,463.0,37.3262261609582,37.3262261609582,23.363727203703633,2024-02-10T16:00:00,2024-08-31T11:00:00,4867.0
LightGBM,forecast_full,3,0.7850712689653682,16.40146995485194,21.690292715229692,78.0,13.243516426543747,12.809004937477665,16.452904570681557,2024-08-31T12:00:00,2025-03-22T07:00:00,4867.0
LightGBM,forecast_full,4,0.7665870277885761,14.785271026298796,19.02854188052969,724.0,12.46773169970143,3.391005375212125,15.190267037029304,2025-03-22T08:00:00,2025-10-11T03:00:00,4867.0
LightGBM,forecast_full,5,0.6620700209602387,18.249168987092194,27.014542839389247,263.0,34.62959878111673,33.979157646283475,17.31344938765074,2025-10-11T04:00:00,2026-05-01T23:00:00,4867.0
LightGBM,forecast_nocap,1,0.07985350544173897,28.90763355209078,37.487387164942525,,,,,2023-07-22T20:00:00,2024-02-10T15:00:00,4867.0
LightGBM,forecast_nocap,2,-0.9559398012099605,41.5977273067988,47.29824957468681,,,,,2024-02-10T16:00:00,2024-08-31T11:00:00,4867.0
LightGBM,forecast_nocap,3,0.6755597322532714,20.047992955692788,26.649284376051856,,,,,2024-08-31T12:00:00,2025-03-22T07:00:00,4867.0
LightGBM,forecast_nocap,4,0.6745867443598311,17.88126816598416,22.46780448310522,,,,,2025-03-22T08:00:00,2025-10-11T03:00:00,4867.0
LightGBM,forecast_nocap,5,0.6464734024466633,18.682298636416757,27.63091765148246,,,,,2025-10-11T04:00:00,2026-05-01T23:00:00,4867.0
LightGBM,forecast_base,1,0.07251896415888925,28.90744258538466,37.63649768544948,,,,,2023-07-22T20:00:00,2024-02-10T15:00:00,4867.0
LightGBM,forecast_base,2,-0.968160977153121,41.771552906607496,47.445784817406334,,,,,2024-02-10T16:00:00,2024-08-31T11:00:00,4867.0
LightGBM,forecast_base,3,0.7176095271902236,18.530682820127446,24.862408392563516,,,,,2024-08-31T12:00:00,2025-03-22T07:00:00,4867.0
LightGBM,forecast_base,4,0.6946352456694366,16.93886402539879,21.76468922771265,,,,,2025-03-22T08:00:00,2025-10-11T03:00:00,4867.0
LightGBM,forecast_base,5,0.6442025102140987,18.800653361776355,27.719519746547004,,,,,2025-10-11T04:00:00,2026-05-01T23:00:00,4867.0
LightGBM,forecast_full_national,1,-0.008612836262785306,30.67757673153138,39.24812635961208,,,,,2023-07-22T20:00:00,2024-02-10T15:00:00,4867.0
LightGBM,forecast_full_national,2,0.004444218239527009,27.56586394665678,33.74427688081187,,,,,2024-02-10T16:00:00,2024-08-31T11:00:00,4867.0
LightGBM,forecast_full_national,3,0.7759431644384649,16.860346739950174,22.146100919389866,,,,,2024-08-31T12:00:00,2025-03-22T07:00:00,4867.0
LightGBM,forecast_full_national,4,0.7511010797639736,15.382468646543007,19.649636570906285,,,,,2025-03-22T08:00:00,2025-10-11T03:00:00,4867.0
LightGBM,forecast_full_national,5,0.6222059331187055,19.362067739719585,28.56352671446254,,,,,2025-10-11T04:00:00,2026-05-01T23:00:00,4867.0
LightGBM,forecast_full_l1,1,0.2278889918918553,26.635192008329064,34.33970466555356,,,,,2023-07-22T20:00:00,2024-02-10T15:00:00,4867.0
LightGBM,forecast_full_l1,2,-0.05022094703781521,28.22408615090324,34.65833255475174,,,,,2024-02-10T16:00:00,2024-08-31T11:00:00,4867.0
LightGBM,forecast_full_l1,3,0.7552833195210227,17.83479945489848,23.144615065943995,,,,,2024-08-31T12:00:00,2025-03-22T07:00:00,4867.0
LightGBM,forecast_full_l1,4,0.7473520786353567,15.069456705022766,19.797068270696663,,,,,2025-03-22T08:00:00,2025-10-11T03:00:00,4867.0
LightGBM,forecast_full_l1,5,0.6572679353558741,17.66683142368368,27.205808100239164,,,,,2025-10-11T04:00:00,2026-05-01T23:00:00,4867.0
LightGBM,forecast_full_nuke_gen,1,0.15604911142288136,27.764149503954695,35.901721279459295,,,,,2023-07-22T20:00:00,2024-02-10T15:00:00,4867.0
LightGBM,forecast_full_nuke_gen,2,0.24485219469296016,23.86986069150957,29.388898484516396,,,,,2024-02-10T16:00:00,2024-08-31T11:00:00,4867.0
LightGBM,forecast_full_nuke_gen,3,0.7779625348501169,16.76909551581009,22.046076292172817,,,,,2024-08-31T12:00:00,2025-03-22T07:00:00,4867.0
LightGBM,forecast_full_nuke_gen,4,0.758720866371249,14.982232866711263,19.346521859510176,,,,,2025-03-22T08:00:00,2025-10-11T03:00:00,4867.0
LightGBM,forecast_full_nuke_gen,5,0.669216873007019,18.14284538807315,26.727352161354855,,,,,2025-10-11T04:00:00,2026-05-01T23:00:00,4867.0
LightGBM,forecast_full_nuke,1,0.1417639306434083,27.982754356529295,36.20429250247622,,,,,2023-07-22T20:00:00,2024-02-10T15:00:00,4867.0
LightGBM,forecast_full_nuke,2,0.1077321641155975,26.04688000443857,31.945886583049347,,,,,2024-02-10T16:00:00,2024-08-31T11:00:00,4867.0
LightGBM,forecast_full_nuke,3,0.7763346812233598,16.839632210668018,22.126743417400487,,,,,2024-08-31T12:00:00,2025-03-22T07:00:00,4867.0
LightGBM,forecast_full_nuke,4,0.7637267457704264,14.863975744633247,19.144776359967445,,,,,2025-03-22T08:00:00,2025-10-11T03:00:00,4867.0
LightGBM,forecast_full_nuke,5,0.668907870594932,18.04057461985557,26.739832979996077,,,,,2025-10-11T04:00:00,2026-05-01T23:00:00,4867.0
LightGBM,forecast_full_nuke_delta,1,0.23200378275780809,26.675582131567843,34.24807958673995,,,,,2023-07-22T20:00:00,2024-02-10T15:00:00,4867.0
LightGBM,forecast_full_nuke_delta,2,0.010088908665070617,27.402121167954036,33.64847774896723,,,,,2024-02-10T16:00:00,2024-08-31T11:00:00,4867.0
LightGBM,forecast_full_nuke_delta,3,0.789717984453406,16.656498481210786,21.454541669883145,,,,,2024-08-31T12:00:00,2025-03-22T07:00:00,4867.0
LightGBM,forecast_full_nuke_delta,4,0.7536800483123578,15.213133137073667,19.547571546679574,,,,,2025-03-22T08:00:00,2025-10-11T03:00:00,4867.0
LightGBM,forecast_full_nuke_delta,5,0.6769564567652688,18.01782094278224,26.412821375659846,,,,,2025-10-11T04:00:00,2026-05-01T23:00:00,4867.0
LightGBM,forecast_full_negfeat,1,0.10651031365053854,28.58563921177451,36.940388235816556,87.0,31.147904923728333,29.092727477760167,28.539003831661542,2023-07-22T20:00:00,2024-02-10T15:00:00,4867.0
LightGBM,forecast_full_negfeat,2,0.13490643191691432,25.559417450840606,31.455664784220286,463.0,37.06562632386516,37.06562632386516,24.349750169230617,2024-02-10T16:00:00,2024-08-31T11:00:00,4867.0
LightGBM,forecast_full_negfeat,3,0.7967510750920569,15.917100144105598,21.092706237921902,78.0,12.336821370452142,11.649333936045885,15.975413308512566,2024-08-31T12:00:00,2025-03-22T07:00:00,4867.0
LightGBM,forecast_full_negfeat,4,0.764927902045152,14.791578237781374,19.096050639365448,724.0,12.83047883278631,4.542179987615148,15.13428544734363,2025-03-22T08:00:00,2025-10-11T03:00:00,4867.0
LightGBM,forecast_full_negfeat,5,0.6598139608049811,18.269974457146496,27.104568960544622,263.0,36.77158227656997,36.250273798938174,17.213084175541727,2025-10-11T04:00:00,2026-05-01T23:00:00,4867.0
Simple,reconstruction,1,-813.7149433815657,28.53322247781636,1115.4741866565628,,,,,2023-07-22T20:00:00,2024-02-10T15:00:00,4867.0
Simple,reconstruction,2,0.520517165331834,16.33034089539987,23.41821875627537,,,,,2024-02-10T16:00:00,2024-08-31T11:00:00,4867.0
Simple,reconstruction,3,-0.48571696543727616,11.84843748744636,57.027747361660566,,,,,2024-08-31T12:00:00,2025-03-22T07:00:00,4867.0
Simple,reconstruction,4,0.6502713669030248,17.22206856742509,23.292098136713122,,,,,2025-03-22T08:00:00,2025-10-11T03:00:00,4867.0
Simple,reconstruction,5,0.06438794308479312,16.80578361235951,44.95025571139844,,,,,2025-10-11T04:00:00,2026-05-01T23:00:00,4867.0
Simple,forecast_full,1,-1421.1968556049474,45.12203343412717,1473.793173748929,,,,,2023-07-22T20:00:00,2024-02-10T15:00:00,4867.0
Simple,forecast_full,2,-0.05471501084351993,29.164108788625835,34.73240767526135,,,,,2024-02-10T16:00:00,2024-08-31T11:00:00,4867.0
Simple,forecast_full,3,-7.525758624190923,21.323209528446558,136.61069228996388,,,,,2024-08-31T12:00:00,2025-03-22T07:00:00,4867.0
Simple,forecast_full,4,0.4927528319531135,22.314711244084986,28.051289581115174,,,,,2025-03-22T08:00:00,2025-10-11T03:00:00,4867.0
Simple,forecast_full,5,-0.1021574767850919,20.836249123156197,48.78722174923491,,,,,2025-10-11T04:00:00,2026-05-01T23:00:00,4867.0
Simple,forecast_nocap,1,0.1291289798346087,28.79280996370168,36.469818588729986,,,,,2023-07-22T20:00:00,2024-02-10T15:00:00,4867.0
Simple,forecast_nocap,2,-0.28475543182393204,32.83354743797815,38.33341913537585,,,,,2024-02-10T16:00:00,2024-08-31T11:00:00,4867.0
Simple,forecast_nocap,3,0.7445252298890229,18.234620924115557,23.6478784353763,,,,,2024-08-31T12:00:00,2025-03-22T07:00:00,4867.0
Simple,forecast_nocap,4,0.707251504893564,16.72637664334863,21.310338666873545,,,,,2025-03-22T08:00:00,2025-10-11T03:00:00,4867.0
Simple,forecast_nocap,5,0.6638583610525329,18.23030985181317,26.942966952447968,,,,,2025-10-11T04:00:00,2026-05-01T23:00:00,4867.0
Simple,forecast_base,1,0.14005260440034528,29.229672219709055,36.2403702805093,,,,,2023-07-22T20:00:00,2024-02-10T15:00:00,4867.0
Simple,forecast_base,2,-0.5497538763381926,37.23903835443936,42.101608854797476,,,,,2024-02-10T16:00:00,2024-08-31T11:00:00,4867.0
Simple,forecast_base,3,0.7440342813928444,18.299930319068316,23.67058971522617,,,,,2024-08-31T12:00:00,2025-03-22T07:00:00,4867.0
Simple,forecast_base,4,0.7052868629840403,16.69191888811737,21.38172618372896,,,,,2025-03-22T08:00:00,2025-10-11T03:00:00,4867.0
Simple,forecast_base,5,0.6677688434160013,18.111874650749787,26.785788839115664,,,,,2025-10-11T04:00:00,2026-05-01T23:00:00,4867.0
Simple,forecast_full_national,1,-10226.220717590408,97.48397373973951,3952.168914763829,,,,,2023-07-22T20:00:00,2024-02-10T15:00:00,4867.0
Simple,forecast_full_national,2,0.009113110478134567,28.278508151431307,33.66505804408138,,,,,2024-02-10T16:00:00,2024-08-31T11:00:00,4867.0
Simple,forecast_full_national,3,-4.938157011138916,21.647784611504836,114.01028044888544,,,,,2024-08-31T12:00:00,2025-03-22T07:00:00,4867.0
Simple,forecast_full_national,4,0.6585687750786631,18.34958302415565,23.014133822232566,,,,,2025-03-22T08:00:00,2025-10-11T03:00:00,4867.0
Simple,forecast_full_national,5,-0.03541402334102739,21.431930508972385,47.28694783387353,,,,,2025-10-11T04:00:00,2026-05-01T23:00:00,4867.0
LightGBM_hurdle,forecast_full_hurdle,1,0.049991173139047884,29.43977579050947,38.090835945368106,87.0,39.47233084775176,39.47233084775176,29.257174893024096,2023-07-22T20:00:00,2024-02-10T15:00:00,4867.0
LightGBM_hurdle,forecast_full_hurdle,2,0.13744599640748512,25.630799724102282,31.4094603012512,463.0,40.01731814551336,39.99158020821122,24.118320607591535,2024-02-10T16:00:00,2024-08-31T11:00:00,4867.0
LightGBM_hurdle,forecast_full_hurdle,3,0.7874897621431927,16.30904963331059,21.567912073639935,78.0,14.470219833779803,14.321139564018836,16.338999252096016,2024-08-31T12:00:00,2025-03-22T07:00:00,4867.0
LightGBM_hurdle,forecast_full_hurdle,4,0.7633577558355398,14.800723048690706,19.15971980731243,724.0,13.027591306235559,7.901682769547412,15.110582421497256,2025-03-22T08:00:00,2025-10-11T03:00:00,4867.0
LightGBM_hurdle,forecast_full_hurdle,5,0.6759721041933051,17.67445633126135,26.453032290554503,263.0,33.14270525032937,32.581757016539385,16.79084437085412,2025-10-11T04:00:00,2026-05-01T23:00:00,4867.0
LightGBM_hurdle,forecast_full_hurdle_negfeat,1,0.06694222505014791,29.07546671603828,37.749478092308436,87.0,37.16989822285646,37.16989822285646,28.928141289031345,2023-07-22T20:00:00,2024-02-10T15:00:00,4867.0
LightGBM_hurdle,forecast_full_hurdle_negfeat,2,0.21551981019486877,24.193668983308132,29.954240815252696,463.0,33.11348221396219,33.03962211775217,23.255913868459622,2024-02-10T16:00:00,2024-08-31T11:00:00,4867.0
LightGBM_hurdle,forecast_full_hurdle_negfeat,3,0.7851727293455337,16.246918213846605,21.685172494413624,78.0,14.070021591310907,14.012902906214217,16.282374036890623,2024-08-31T12:00:00,2025-03-22T07:00:00,4867.0
LightGBM_hurdle,forecast_full_hurdle_negfeat,4,0.7686808176471125,14.390866953599112,18.943003534003232,724.0,11.523637623674741,4.711189043187976,14.891922718712616,2025-03-22T08:00:00,2025-10-11T03:00:00,4867.0
LightGBM_hurdle,forecast_full_hurdle_negfeat,5,0.6623651660724654,18.158016987199296,27.002743128699784,263.0,35.81479944281777,35.60373022124033,17.14938671225845,2025-10-11T04:00:00,2026-05-01T23:00:00,4867.0
