group,gain,share
price_lag_1d,481572776.32788086,0.5491337696086429
net_load_forecast,160708588.13671875,0.18325477923592895
wind_speed_10m (by dept),48684287.470336914,0.055514322265374165
price_lag_7d,46502774.60681152,0.053026759759594526
gas_price,25880369.203552246,0.02951118792050222
temperature_2m (by dept),22002360.061279297,0.025089123627102018
wind_forecast,19613149.908691406,0.022364725484245722
cloud_cover (by dept),12951992.258972168,0.014769058141834946
day_of_week,10394516.22668457,0.011852787697723183
day_of_year,10367254.290161133,0.011821701119108628
is_weekend,6554457.640625,0.007473998134574777
hour_cos,5571137.959472656,0.006352726190261397
shortwave_radiation (by dept),5427749.873291016,0.006189221847507015
month_sin,4421903.796020508,0.005042263225241469
precipitation (by dept),3405987.2734375,0.0038838213508738026
hour_sin,2072918.7684936523,0.002363733486172819
solar_grad,1993312.265991211,0.0022729587975829427
hour,1874905.7435302734,0.002137940741701488
month_cos,1560937.8286132812,0.0017799255192273106
net_load_grad,1453972.0368652344,0.0016579532414551434
load_forecast,1168858.404663086,0.0013328403378316635
solar_forecast,1003161.3841552734,0.0011438972871505246
month,762740.7979736328,0.0008697475235609908
wind_grad,659937.2281494141,0.0007525213957527146
load_grad,358009.98626708984,0.00040823606104870995
